FA_Chain,Total_area,Abundance
18:0,35498173.9903436,24.598937420635
24:5,30689008.7034801,21.2663616107011
24:0,21567384.1721846,14.9454091278803
16:0,19394146.8095498,13.4394350488141
18:1,14358117.1246585,9.94965050100046
23:3,11577929.3259829,8.02308194860568
23:4,11222993.4297148,7.77712434236341
