FA_Chain,Total_area,Abundance
22:0,11729267.9293734,35.8962304310167
10:0,11729267.9293734,35.8962304310167
23:0,9216950.6436981,28.2075391379666
