FA_Chain,Total_area,Abundance
21:5,17854952.3996121,50
17:0,17854952.3996121,50
