FA_Chain,Total_area,Abundance
d14:0,38361800.3014915,38.7647548183978
20:0,38361800.3014915,38.7647548183978
d14:1,7662715.09223394,7.74320468432594
21:1,7662715.09223394,7.74320468432594
20:1,6911482.3931586,6.98408099455254
